{
  "project_info": {
    "project_number": "904837386194",
    "project_id": "locketgold-651f7",
    "storage_bucket": "locketgold-651f7.firebasestorage.app"
  },
  "client": [
    {
      "client_info": {
        "mobilesdk_app_id": "1:904837386194:android:7a379c0b79d54334f9420b",
        "android_client_info": {
          "package_name": "com.locket_upload"
        }
      },
      "oauth_client": [],
      "api_key": [
        {
          "current_key": "AIzaSyCj00CO9uuhJrf7YAugBIJrxlsfDxdWA8k"
        }
      ],
      "services": {
        "appinvite_service": {
          "other_platform_oauth_client": []
        }
      }
    }
  ],
  "configuration_version": "1"
}