{
  "project_info": {
    "project_number": "355148335076",
    "firebase_url": "https://pjmk-5f6c9-default-rtdb.asia-southeast1.firebasedatabase.app",
    "project_id": "pjmk-5f6c9",
    "storage_bucket": "pjmk-5f6c9.appspot.com"
  },
  "client": [
    {
      "client_info": {
        "mobilesdk_app_id": "1:355148335076:android:1731280fec0a92207669f1",
        "android_client_info": {
          "package_name": "com.appNew.test"
        }
      },
      "oauth_client": [
        {
          "client_id": "355148335076-q2l14apcqhfv0sb4ik8usff4dop6jvsk.apps.googleusercontent.com",
          "client_type": 3
        }
      ],
      "api_key": [
        {
          "current_key": "AIzaSyA464KHAC-GX4vK-tgApPrsywNBGrTNAls"
        }
      ],
      "services": {
        "appinvite_service": {
          "other_platform_oauth_client": [
            {
              "client_id": "355148335076-q2l14apcqhfv0sb4ik8usff4dop6jvsk.apps.googleusercontent.com",
              "client_type": 3
            }
          ]
        }
      }
    },
    {
      "client_info": {
        "mobilesdk_app_id": "1:355148335076:android:815c88af25eaa59a7669f1",
        "android_client_info": {
          "package_name": "com.appnew.pjmk"
        }
      },
      "oauth_client": [
        {
          "client_id": "355148335076-q2l14apcqhfv0sb4ik8usff4dop6jvsk.apps.googleusercontent.com",
          "client_type": 3
        }
      ],
      "api_key": [
        {
          "current_key": "AIzaSyA464KHAC-GX4vK-tgApPrsywNBGrTNAls"
        }
      ],
      "services": {
        "appinvite_service": {
          "other_platform_oauth_client": [
            {
              "client_id": "355148335076-q2l14apcqhfv0sb4ik8usff4dop6jvsk.apps.googleusercontent.com",
              "client_type": 3
            }
          ]
        }
      }
    },
    {
      "client_info": {
        "mobilesdk_app_id": "1:355148335076:android:6a5b7526ea620d357669f1",
        "android_client_info": {
          "package_name": "com.example.pjmk"
        }
      },
      "oauth_client": [
        {
          "client_id": "355148335076-q2l14apcqhfv0sb4ik8usff4dop6jvsk.apps.googleusercontent.com",
          "client_type": 3
        }
      ],
      "api_key": [
        {
          "current_key": "AIzaSyA464KHAC-GX4vK-tgApPrsywNBGrTNAls"
        }
      ],
      "services": {
        "appinvite_service": {
          "other_platform_oauth_client": [
            {
              "client_id": "355148335076-q2l14apcqhfv0sb4ik8usff4dop6jvsk.apps.googleusercontent.com",
              "client_type": 3
            }
          ]
        }
      }
    },
    {
      "client_info": {
        "mobilesdk_app_id": "1:355148335076:android:8f9cd25adeb1af037669f1",
        "android_client_info": {
          "package_name": "com.locket_upload"
        }
      },
      "oauth_client": [
        {
          "client_id": "355148335076-iasl69jira9re25kjtgvn0d35iv33uao.apps.googleusercontent.com",
          "client_type": 1,
          "android_info": {
            "package_name": "com.locket_upload",
            "certificate_hash": "f04df6f804e3f84ecefb661e8b4a53724091ca96"
          }
        },
        {
          "client_id": "355148335076-q2l14apcqhfv0sb4ik8usff4dop6jvsk.apps.googleusercontent.com",
          "client_type": 3
        }
      ],
      "api_key": [
        {
          "current_key": "AIzaSyA464KHAC-GX4vK-tgApPrsywNBGrTNAls"
        }
      ],
      "services": {
        "appinvite_service": {
          "other_platform_oauth_client": [
            {
              "client_id": "355148335076-q2l14apcqhfv0sb4ik8usff4dop6jvsk.apps.googleusercontent.com",
              "client_type": 3
            }
          ]
        }
      }
    }
  ],
  "configuration_version": "1"
}